No,video_title,channel,publish time,link,description
1,【中天辣晚報】20210227 啟動「全民吃鳳梨」蔡政府只剩1001招? 這4種水果剉勒等! 這次「撒幣」...下回呢?,中天新聞,2021-02-27T12:12:30Z,https://www.youtube.com/watch?v=_aUb8pAlLik,{'#鳳梨 #陳吉仲 #外銷 #禁令\n\n中天新聞24小時直播：https://www.youtube.com/watch?v=5tQBwbyQ-Fw\n\n趕快加入中天電視會員，享有專屬優惠☆☆https://www.youtube.com/c/ctitv/join\n\n支持中天的好朋友們： YouTube中天電視頻道開通「會員」功能！ 誠摰邀請您：加入會員挺中天！ ●注意注意！中天會員將獨享新聞幕後花絮、線上主播見面會、專屬頻道徽章、獨家限量商品等等。 ●另外另外！沒加入會員，我們保證觀看中天新聞直播和影片的權益不變，中天同樣感謝支持相挺。 現在立刻到中天電視頻道首頁右上方，點擊「加入」，簡單幾步驟，您就可以成為「中天會員」！ 其他贊助中天方式 ATM：彰化銀行 (009-5012) 台北分行 帳號：50128688988600 戶名：中天電視股份有限公司 ATM：CHANG HWA COMMERCIAL BANK TAIPEI BRANCH(CCBCTWTP501) A/C NO:50128688988600 A/C NAME:CTI TELEVISION INCORPORATION\n\n「未經著作權人事先書面同意，勿將內容用於商業性質之分享、連結。」 「如有任何營業使用，必須事先取得書面同意」\n\n【中天24H直播新聞聊天室】為維護聊天室良好環境敬請配合\n1. 勿使用任何不雅言詞、挑釁、謾罵言論\n2. 各種形式的留言洗版\n3. 禁止騷擾管理員與其他使用者\n4. 無視警告者將不另通知直接封鎖！管理員有權隨時修正規定，敬請配合！\n5.YouTube音樂庫 無版權配樂 免費背景音樂下載:YouTube音樂庫 無版權配樂 免費背景音樂下載: https://goo.gl/Z6TsBI\n歌曲資料\n歌名: Sunspots\n作者: Jeremy Blake\n類型: Dance & Electronic\n氣氛: Happy Music\nYouTube音樂庫 台灣香港 - Follow Us\nYouTube:     https://goo.gl/Z6TsBI\nFacebook:   https://goo.gl/ikoMdk\nGoogle+:      https://goo.gl/90orLC\nInstagram:   https://goo.gl/lLAoUo'}
2,【未來媽媽】EP13 我從來不屬於這個家！嚴太太是誰重要嗎？精華【Mother To Be】I never belong here!,三立華劇 SET Drama,2021-02-26T15:30:04Z,https://www.youtube.com/watch?v=bbEE0FPehyQ,{'#家人會互相尊重 #立芳不再委屈求全 #EP13精華\n—\n週五華劇《 #未來媽媽 》\n📺 晚上10點 三立都會台30頻道 播出\n📱 晚上11:30 台灣大哥大myVideo、Vidol影音平台 上架\n📲 Netflix、愛奇藝、LINE TV同步播出中\n\n🌟 領銜主演\n高家妃｜ 郭書瑤\n杜柏謙｜ 禾浩辰 \n周醫師｜ 馬志翔\n郭\u3000沁｜ 劉品言\n吳大志｜ 夏騰宏\n嚴正浩｜ 李至正\n孫立芳｜ 張   寗 \n📺 三立電視 台灣大哥大 myVideo 影音隨看  共同出品\n—\n🎵歌曲資訊\n片頭曲：懂得雨天\n演唱：郁可唯\n郁可唯YouTube頻道：https://rb.gy/z4dubo\n\n片尾曲：千千萬萬個你\n演唱：周蕙\n動態歌詞MV：https://youtu.be/UQFKBtjK3PA\n\n插曲：愛是Love is...\n演唱：羅莎莎\n羅莎莎YouTube頻道：https://rb.gy/4pkcdx\n\n插曲：you & I \n演唱：閻奕格 \nMV：https://youtu.be/e2wLb_tEz2o\n\n閻奕格YouTube頻道：https://rb.gy/0pzkp5\n\n三立優質華劇請免費訂閱【三立華劇】→https://reurl.cc/KGbvm\nVidol 都會台live頻道→https://reurl.cc/YxOyD\n《三立台劇》FB→https://reurl.cc/vMdnA\n《三立華劇》FB→https://reurl.cc/reDlb\n《三立華劇官方粉絲群》Telegram→https://t.me/dramasettv\n\n#天巡者  #未來媽媽 #廢財闖天關  \n#戀愛是科學\n#真愛趁現在\n#訂閱三立華劇更多好戲為你播\n\n更多偶像幕後請往《完全娛樂》走→https://reurl.cc/ZmAqg\n更多偶像新聞請上SETN三立新聞網→https://reurl.cc/RNrdz\n\n🚫嚴禁人身攻擊留言，別怪華編不客氣！！！'}
3,【中天辣晚報】20210226 蟲蟲危機懸案「陸禁台鳳梨」掀戰  陸「殲15」新照曝 恐「2年武統」試底限?,中天新聞,2021-02-26T12:11:58Z,https://www.youtube.com/watch?v=tiSUh819EJ8,{'#鳳梨 #兩岸 #武統\n\n中天新聞24小時直播：https://www.youtube.com/watch?v=5tQBwbyQ-Fw\n\n趕快加入中天電視會員，享有專屬優惠☆☆https://www.youtube.com/c/ctitv/join\n\n支持中天的好朋友們： YouTube中天電視頻道開通「會員」功能！ 誠摰邀請您：加入會員挺中天！ ●注意注意！中天會員將獨享新聞幕後花絮、線上主播見面會、專屬頻道徽章、獨家限量商品等等。 ●另外另外！沒加入會員，我們保證觀看中天新聞直播和影片的權益不變，中天同樣感謝支持相挺。 現在立刻到中天電視頻道首頁右上方，點擊「加入」，簡單幾步驟，您就可以成為「中天會員」！ 其他贊助中天方式 ATM：彰化銀行 (009-5012) 台北分行 帳號：50128688988600 戶名：中天電視股份有限公司 ATM：CHANG HWA COMMERCIAL BANK TAIPEI BRANCH(CCBCTWTP501) A/C NO:50128688988600 A/C NAME:CTI TELEVISION INCORPORATION\n\n「未經著作權人事先書面同意，勿將內容用於商業性質之分享、連結。」 「如有任何營業使用，必須事先取得書面同意」\n\n【中天24H直播新聞聊天室】為維護聊天室良好環境敬請配合\n1. 勿使用任何不雅言詞、挑釁、謾罵言論\n2. 各種形式的留言洗版\n3. 禁止騷擾管理員與其他使用者\n4. 無視警告者將不另通知直接封鎖！管理員有權隨時修正規定，敬請配合！\n5.YouTube音樂庫 無版權配樂 免費背景音樂下載:YouTube音樂庫 無版權配樂 免費背景音樂下載: https://goo.gl/Z6TsBI\n歌曲資料\n歌名: Sunspots\n作者: Jeremy Blake\n類型: Dance & Electronic\n氣氛: Happy Music\nYouTube音樂庫 台灣香港 - Follow Us\nYouTube:     https://goo.gl/Z6TsBI\nFacebook:   https://goo.gl/ikoMdk\nGoogle+:      https://goo.gl/90orLC\nInstagram:   https://goo.gl/lLAoUo'}
4,【未來媽媽Mother To Be】EP14 婚姻盡頭 預告,三立華劇 SET Drama,2021-02-26T15:30:00Z,https://www.youtube.com/watch?v=Dsb4slLSBzQ,{'#如果雙方冷戰的話就是會走到盡頭了嗎 #為立芳集氣 #EP14預告\n—\n週五華劇《 #未來媽媽 》\n📺 晚上10點 三立都會台30頻道 播出\n📱 晚上11:30 台灣大哥大myVideo、Vidol影音平台 上架\n📲 Netflix、愛奇藝、LINE TV同步播出中\n\n🌟 領銜主演\n高家妃｜ 郭書瑤\n杜柏謙｜ 禾浩辰 \n周醫師｜ 馬志翔\n郭\u3000沁｜ 劉品言\n吳大志｜ 夏騰宏\n嚴正浩｜ 李至正\n孫立芳｜ 張   寗 \n📺 三立電視 台灣大哥大 myVideo 影音隨看  共同出品\n—\n三立優質華劇請免費訂閱【三立華劇】→https://reurl.cc/KGbvm\nVidol 都會台live頻道→https://reurl.cc/YxOyD\n《三立台劇》FB→https://reurl.cc/vMdnA\n《三立華劇》FB→https://reurl.cc/reDlb\n《三立華劇官方粉絲群》Telegram→https://t.me/dramasettv\n\n#天巡者  #未來媽媽 #廢財闖天關  \n#戀愛是科學\n#真愛趁現在\n#訂閱三立華劇更多好戲為你播\n\n更多偶像幕後請往《完全娛樂》走→https://reurl.cc/ZmAqg\n更多偶像新聞請上SETN三立新聞網→https://reurl.cc/RNrdz\n\n🚫嚴禁人身攻擊留言，別怪華編不客氣！！！'}
5,【豆漿實測】千萬別用這招　怕貓太爽...　　ft.黃阿瑪,豆漿- SoybeanMilk,2021-02-26T10:00:14Z,https://www.youtube.com/watch?v=17h7YgfZ1cU,{'➤成為頻道會員按鈕：https://www.youtube.com/channel/UCiXuTOccGliVKpcL1qQWMPg/join\n➤訂閱成為漿絲or榮粉按鈕：https://www.youtube.com/channel/UCiXuTOccGliVKpcL1qQWMPg?sub_confirmation=1\n\n➤ 豆漿娘娘相關周邊\n☑  豆漿娘娘周邊：https://shopee.tw/soybeanmilk_cat\n☑  第一款LINE貼圖-(豆漿本尊)：https://pros.is/RCAXQ\n☑  第二款LINE貼圖-(豆漿&俊榮本尊)：https://pros.is/J2B6E\n☑  第三款LINE貼圖-(豆漿&俊榮Q版)：https://pros.is/KVN9X\n\n➤ 豆漿娘娘聯名\n☑ RITE後背包：https://soybeanmilk.pros.is/3bm3u9\n☑ DEVILCASE手機殼：https://soybeanmilk.pros.is/3an94a\n\n➤協助語言白癡a奴才翻譯影片讓外國朋友認識漿漿！\n☑ 幫忙上字幕：https://soybeanmilk.pros.si/P6KB7\n\n➤豆漿其他出沒的地方：\n☑ 豆漿臉書：https://www.facebook.com/SoybeanmilkCat/\n☑ 豆漿IG：https://www.instagram.com/soybeanmilk_cat/?hl=zh-tw\n☑ 豆漿微博：https://goo.gl/FY8Uc6\n☑ 豆漿美拍：https://goo.gl/5Aadz6\n\n➤豆漿實體信箱，漿絲想讚美娘娘或想說什麼都可以寄信喔：\n☑中文: 30099 新竹市科學園區郵局第502號信箱\n☑英文: P.O.BOX 502 Hsinchu Science Park Hsinchu City 30099 Taiwan(R.O.C)\n\n➤合作提案或邀約\n☑信箱： BlueEyeStudioTW@gmail.com\n\n#撸貓 #神秘的手勢 #黃阿瑪'}
6,"【爆卦頭條】20210227 陸禁台鳳梨 農民欲哭無淚下個受害者是? 綠大咖齊曬""鳳梨哏圖"" 中央廚房好快?",頭條開講,2021-02-27T15:11:53Z,https://www.youtube.com/watch?v=UVNeLeJL8eM,{'#爆卦頭條\n「未經著作權人事先書面同意，勿將內容用於商業性質之分享、連結。」\n「如有任何營業使用，必須事先取得書面同意」'}
7,鳳梨鼠薯下凡來解答之軟男稜稜愛篇,噓!星聞,2021-02-26T02:00:01Z,https://www.youtube.com/watch?v=GtxEwfjjljE,{'#鳳梨 #鼠薯 #軟男'}
8,蕭房車 Jam’s Car | #6 | AKA蕭房車總裁 蕭敬騰  古惑仔之最大魔王 首度破天荒業配與最狂業配嘉賓,蕭敬騰 Jam Hsiao,2021-02-27T04:00:01Z,https://www.youtube.com/watch?v=4Mlde1lbMkM,"{'蕭敬騰 X 重磅嘉賓\n蕭房車EP6福利大放送🎉\n\n重磅的第六集\n有重磅來賓\n當然也要有紀念性的重磅禮物🎁\n\n🔸驚喜禮物*1\n🔸神祕禮物*1\n🔸重磅嘉賓演唱會門票2張*2組\n\n💡：欲知驚喜與神秘禮物是什麼的朋友\n去看就對了😆\n\n📌活動辦法 ｜ 2021年03月03日23:59前\n①到蕭敬騰官方Facebook 活動貼文下方留言@重磅嘉賓官方Facebook 想在演唱會聽什麼歌 並貼出步驟③的截圖\n②分享此貼文（設定公開）\n③訂閱《蕭敬騰 官方YouTube頻道》\n即獲得抽獎資格🥳\n\n💡：得獎名單將於2021年03月04日公布於\n「 喜鵲娛樂官方Facebook」\n\n-\n\n#蕭敬騰【 #蕭房車 Jam\'s Car】🚗💨第六集重磅登場!!!\n重磅的第六集\n當然來了超重磅來賓-💥💥💥 !!!\n\n誰知一開始蕭總和重磅來賓一言不合就在小吃店裡摔杯子!!!😳\n下一秒雙方竟然又在蕭房車上掏心掏肺的聊起真心話\n\n而抵達了目的地-西門町 之後\n竟意外的幫蕭總圓了一個夢🤭\n重磅來賓更盛讚蕭房車是最真節目、精采程度演唱會都看不到!!!\n更請到特別嘉賓 小魔女 DO RE MI😈\n\n峰迴路轉的劇情\n請你母湯錯過蕭房車😉\n\n-\n\n蕭式精神，深入江湖\n跟著蕭總，搭著專屬座駕""蕭房車""\n挑戰不可能的任務\n給你從沒看過的蕭敬騰\n\n▶️  現在訂閱｜https://JamHsiao.lnk.to/YTChannelFC\n▶️  開播前標準流程｜訂閱、開啟小鈴鐺\n\n-\n\n■ 追蹤 蕭敬騰 \n蕭敬騰 Facebook：https://bit.ly/2tE34r2\n蕭敬騰 IG：https://bit.ly/2T1Eqj5\n蕭敬騰 Twitter：https://bit.ly/2IDS33j\n蕭敬騰 微博：https://bit.ly/2Vf7Ruy\n蕭敬騰 抖音：111916476 \n蕭敬騰 TikTok：jamhsiao_0330 \n蕭敬騰官方網站：http://www.jamhsiao.com/\n\n喜鵲一家 ❤ \n獅子 LION YouTube：https://www.youtube.com/channel/UCX0j6mgBJIYEXdnyng3pPIQ \n小宇 宋念宇 YouTube：https://www.youtube.com/channel/UC8C3GSHSFQltb9RjbCGgmPA \n吳依霖老師 YouTube：https://www.youtube.com/channel/UCkGivEktogyCBY9xg7LxPTQ\n宥勝 YouTube： https://www.youtube.com/channel/UCv2moAOLmdbak39cxMWRZxg \n王子 邱勝翊 YouTube：https://www.youtube.com/channel/UCrTUX69c9YKZvmRfBubKicw \nKevin Liao 廖柏雅 YouTube： https://www.youtube.com/channel/UCkKgM_Z0Rt3IUakB6Vk9gNg\n艾薇 YouTube：https://www.youtube.com/channel/UC2QIbhA0ACPCuG3Vy6FroJQ \n林孟辰 YouTube︰https://www.youtube.com/channel/UCtiadEC18piWyVkfYDRhySA'}"
9,【頭條開講】20210226 鳳梨外銷遭拒! 逾9成出口量受影響! DPP意識形態作祟 全民一起承受苦果!,頭條開講,2021-02-26T13:07:44Z,https://www.youtube.com/watch?v=XdsCtbTrdnM,{'#頭條開講 #周玉琴 #林嘉源\n\n「未經著作權人事先書面同意，勿將內容用於商業性質之分享、連結。」\n「如有任何營業使用，必須事先取得書面同意」'}
10,歐洲勢力最大的家族 - 梅迪奇家族，是如何崛起，最後又是如何衰敗的? | 啾啾鞋,啾啾鞋,2021-02-25T13:30:01Z,https://www.youtube.com/watch?v=BKklpXQDcL8,{'梅迪奇家族從原本的默默無名，卻能崛起成為歐洲勢力最大的家族\n他們是如何辦到的? 最終又是為何而衰敗呢?\n\n金融大小事，一站就OK ！\n來到國泰世華金融服務站就可以辦理：\n(1) 臺外幣開戶預約 (2) 信用卡優惠諮詢 (3) 數位服務App教學 (4) 行動支付優惠諮詢\n\n了解更多：https://lihi1.com/GiSI6\n\n▼啾啾鞋的人氣影片▼\n《32街的偽鈔天才》偽鈔大師的故事\nhttps://youtu.be/9lKe9irDIDw\nChrome小恐龍的秘密!\nhttps://youtu.be/besQJCZ20j4\n在路上撿到隨身碟，你會...?\nhttps://bit.ly/2ytI7E5\n俄羅斯方塊也有世界冠軍!?\nhttps://youtu.be/Dh9VaezvVnU\nYouTube的自動播放功能，播到最後會看到什麼呢?\nhttps://youtu.be/HMxT-MCRmh4\n牛排的血水不是血!\nhttps://youtu.be/-7GjvnJ2PO0\n\n背景音樂Background Music:\nepidemicsound.com\n\n粉絲專頁:https://www.facebook.com/chuchushoeTW\nInstagram:http://instagram.com/chuchushoetw\nTwitter:https://twitter.com/chuchushoeTW\nGoogle+:https://plus.google.com/+chuchushoeTW'}
11,【MV首播】翁立友 vs 向蕙玲 -愛的伴侶 (官方完整版MV) HD【 民視八點檔『多情城市』片尾曲】,豪記唱片 HCM Music,2021-02-26T02:00:17Z,https://www.youtube.com/watch?v=vuJbqgEb8VQ,{'翁立友【放你飛】專輯 2021.03  release\n\n-專輯曲序 Song List-\n1. 放你飛               Fang Ni Fei\n2. 無情話               Wu Qing Hua\n3. 愛的伴侶 vs 向蕙玲   Ai De Ban Lu\n4. 希望牽手飛       Xi Wang Qian Shou Fei\n5. 痴心淚               Chi Xin Lei\n6. 情海飛袂過       Qing Hai Fei Mei Guo\n7. 天頂有三條巡   Tian Ding You San Tiao Xun\n8. 秋風寄相思       Qiu Feng Ji Xiang Si\n\n▶愛的伴侶▶ -歌詞 Lyrics-\n詞曲:鄭喬安\n\n(女)純情的女人心 但願有緣的人愛相隨\n   嘸管海角亦天邊 一份真心會凍走千里\n(男)男人情為女人癡 嘸通放阮空相思\n   心甘情願為妳無惜代價 一生只愛妳一個\n   妳是最最水的天頂星 無人會凍甲妳比\n(女)感情路只要有你陪伴在身邊 勝過千言萬語\n(男)妳是我夢中的仙女 無人代替妳的位\n(女)感情路雖然酸苦也甘甜\n(合)快樂幸福做一對愛的伴侶\n\n➔台語好歌盡在豪記 更多關注\n豪記官方頻道            https://goo.gl/wMgfLC \n豪記Facebook           https://goo.gl/JoliI7 \n豪記歌唱班                https://goo.gl/dqf9Hq \n翁立友臉書粉絲團    https://reurl.cc/K6Yj7e\n\n#豪記 #翁立友 #愛的伴侶 #放你飛'}
12,吳孟達逝世原因曝光，享年68歲，生前狀態令人心疼，來不及留遺言，#周星馳,娛記太太,2021-02-27T10:33:03Z,https://www.youtube.com/watch?v=5QojvgHURCQ,{'默哀'}
13,第二季開播前～最強片花！更高、更快、更遠，全新20位明星選手！屢破紀錄的第二季即將展開！！,全明星運動會,2021-02-25T08:00:23Z,https://www.youtube.com/watch?v=pJDyWQug2CA,{'#全明星運動會\u200b 第二季 將在2/28本週日播出\n首次公開全新精彩片花不要錯過！\n\n領隊－ 錢薇娟、 江宏傑\n主播群－ 徐展元、蔡尚樺\n隊經理－ 孟潔、粿粿\n男選手－ 彭小刀、范逸臣、曹佑寧、王家梁、鼓鼓呂思緯、小春、周予天、廖允杰、何孟遠、林敬倫、潘君侖、顏佑庭\n女選手－ 李佳薇、房思瑜、吳心緹、席惟倫、采子、趙逸嵐、晏柔中、洗菜\n\n📺播出資訊\n2/28起，每週日晚上八點 台視主頻\n3/6起，每週六晚上八點 三立都會台\n\n🏆🏆🏆🏆🏆🏆🏆🏆🏆🏆🏆🏆\n不搞笑！不做效果！全程玩真的！\n全明星運動會，正式開戰！\n每週二，中午12點，上架完整版！\n\n⚠️還沒訂閱嗎？傳送門在這👉https://rb.gy/7uxlh5\u200b\n👉全明星運動會FaceBook：https://rb.gy/c26gcu\u200b\n👉全明星運動會Instagram：https://rb.gy/u82tvj'}
14,意外被鳳梨鼠叔噴飯圈粉 嘎季腔講到崩潰凍未條,PlayIN,2021-02-22T11:47:58Z,https://www.youtube.com/watch?v=w8CtB4EoWqs,{'罔腰奇案延燒至今\n地表最衰前男友鳳梨也被拖下水\n但也意外讓不少網友\n被鼠叔的噴飯圈粉'}
15,第二彈！台灣二十年偶像劇神曲串燒 20 Years Taiwanese Drama OSTs Mashup II｜Acoustic Guitar Cover by 倆人 Acoustic Too,倆人 Acoustic Too,2021-02-22T12:00:15Z,https://www.youtube.com/watch?v=upeepGpvF0U,{'一個聲音、一把吉他\n倆人的音樂計畫\n\n#久等了\n\n-\n\n演唱 Vocal：瑀禾\n木吉他 Acoustic Guitar：管倫忠\n錄音室 Recording Studio：華納音樂 Warner Music Taiwan\n錄音 Recording：管倫忠\n剪輯 Editing：管倫忠\n調音 Vocal Tuning：江泰德\n混音 Mixing：管倫忠\n\n攝影 Camera：周禹方、劉奕辛\n燈光 Lighting：周禹方\n燈助 Lighting Technician：李俊彥\n剪接 Editor：瑀禾\n後製 Production：瑀禾\n\n特別感謝 Particular Thanks：\n華納音樂 Warner Music Taiwan 阿諺\n永安市場a音樂人之家：coming soon...\n禹方a影像服務：https://www.instagram.com/ypde_/\n\n-\n\n⌲ 瑀禾 Instagram : @yuheoffduty\n\n⌲ 倆人的臉書專頁：\nhttps://www.facebook.com/AcousticTooTW/\u200b\n⌲ 倆人的Instagram：\nhttps://instagram.com/acoustictootw/\u200b\n\n⌲ 音樂演唱合作寄這邊：\nwin.creativity.tw@gmail.com\n⌲ 聯絡我們＆其他合作寄這邊：\nacoustictootw@gmail.com'}
16,"对老外说:如果你能看懂这个中文标牌,给你一万块钱",信誓蛋蛋,2021-02-27T02:00:05Z,https://www.youtube.com/watch?v=dtmNAwbywDg,{'法国街头挑战！\n祝大家春节快乐！红包里有了1000块 能读的人就可以拿走！\n\n► 订阅：https://goo.gl/VKpCqY \n\n我们最喜欢的其他内容 ：\nhttps://goo.gl/xWBD16\nhttps://goo.gl/A7RBUq\nhttps://goo.gl/TjhS3c\n\nINSTAGRAM : https://goo.gl/8RVHv2\n\nhttp://www.xinshidandan.fr/\nLIFE IS FANTASTIC'}
17,Onion Man | 在1度的寒冷山上露營 (中)  酷寒地獄篇 | 真實故事大長篇,Onion Man,2021-02-21T13:00:16Z,https://www.youtube.com/watch?v=eTNbsJGAOIU,{'做甚麼事都很冷  快掛了\n\n【訂閱】及觀看洋蔥更多影片: https://goo.gl/ijP3Eb\n\n工作合作：service@weido.biz\nOnion Man 百萬追蹤粉絲團:goo.gl/Z5CSvw\n\n最新阿文貼圖:https://reurl.cc/GxYjA\n\n第一代阿文line貼圖:https://reurl.cc/Wroxx\n\n洋蔥私生活IG:https://www.instagram.com/onionman__/\n\n\n運動漫畫裡的中二老梗劇情\n►第一集:https://youtu.be/cMoV1rPH35k\n►第二集:https://youtu.be/iW7LM00lny0\n►第三集:https://youtu.be/2G5wu61uCM0\n►第四集:https://youtu.be/-rP1abYv8n4\n\nOnion Man 關鍵字:\n中二 肥宅 單身漢 單身 魯蛇 屌絲 肥宅'}
18,【中天午報】20210227 禁鳳梨之後「水果骨牌」? 「粉紅風暴」撼綠青年票?,中天新聞,2021-02-27T06:11:02Z,https://www.youtube.com/watch?v=owMINv1R38E,{'#鳳梨 #藻礁 #公投連署 #高公局\n\n中天新聞24小時直播：https://www.youtube.com/watch?v=5tQBwbyQ-Fw\n\n趕快加入中天電視會員，享有專屬優惠☆☆https://www.youtube.com/c/ctitv/join\n\n支持中天的好朋友們： YouTube中天電視頻道開通「會員」功能！ 誠摰邀請您：加入會員挺中天！ ●注意注意！中天會員將獨享新聞幕後花絮、線上主播見面會、專屬頻道徽章、獨家限量商品等等。 ●另外另外！沒加入會員，我們保證觀看中天新聞直播和影片的權益不變，中天同樣感謝支持相挺。 現在立刻到中天電視頻道首頁右上方，點擊「加入」，簡單幾步驟，您就可以成為「中天會員」！ 其他贊助中天方式 ATM：彰化銀行 (009-5012) 台北分行 帳號：50128688988600 戶名：中天電視股份有限公司 ATM：CHANG HWA COMMERCIAL BANK TAIPEI BRANCH(CCBCTWTP501) A/C NO:50128688988600 A/C NAME:CTI TELEVISION INCORPORATION\n\n「未經著作權人事先書面同意，勿將內容用於商業性質之分享、連結。」 「如有任何營業使用，必須事先取得書面同意」\n\n【中天24H直播新聞聊天室】為維護聊天室良好環境敬請配合\n1. 勿使用任何不雅言詞、挑釁、謾罵言論\n2. 各種形式的留言洗版\n3. 禁止騷擾管理員與其他使用者\n4. 無視警告者將不另通知直接封鎖！管理員有權隨時修正規定，敬請配合！\n5.YouTube音樂庫 無版權配樂 免費背景音樂下載:YouTube音樂庫 無版權配樂 免費背景音樂下載: https://goo.gl/Z6TsBI\n歌曲資料\n歌名: Sunspots\n作者: Jeremy Blake\n類型: Dance & Electronic\n氣氛: Happy Music\nYouTube音樂庫 台灣香港 - Follow Us\nYouTube:     https://goo.gl/Z6TsBI\nFacebook:   https://goo.gl/ikoMdk\nGoogle+:      https://goo.gl/90orLC\nInstagram:   https://goo.gl/lLAoUo'}
19,BTS Performs 'Fix You' (Coldplay Cover) | MTV Unplugged Presents: BTS,MTV UK,2021-02-24T04:49:29Z,https://www.youtube.com/watch?v=60g72d4Nqss,"{""Musical guests BTS perform a stripped down cover of Coldplay's classic track 'Fix You' for MTV Unplugged Presents: BTS.\n\n#BTS #MTVUnplugged #FixYou\n\nSubscribe to MTV UK for more great videos and exclusives! https://www.youtube.com/c/MTVUK\n\nGet social with MTV @ \n💋 Twitter: https://twitter.com/MTVUK \n🍺 Instagram: http://instagram.com/mtvuk \n💅 Tumblr: http://mtvuk.tumblr.com\n🍿 Facebook: https://www.facebook.com/mtvuk \n🎷 Official: http://www.mtv.co.uk\n\nMTV UK is your place to watch all your favourites! Live EMAs performances, music artist to follow on MTV Push, latest MTV Movies exclusives and the best from Geordie Shore, Just Tattoo of Us, Teen Mom UK, Ex on The Beach and many many more!""}"
20,熊仔 Kumachan -【88BARS】Official Music Video,熊仔,2021-02-26T12:00:04Z,https://www.youtube.com/watch?v=B1tArM5XYuc,"{""88BARS BABY TAKE THEM WAY BACK TO THE BASICS\n\n📢 數位收聽 : https://kumachan.lnk.to/88BARS\n🔔 訂閱頻道 : https://sonymusic.pse.is/KumaChan\n\n\n///Song Lyrics\nI’m never the same\n還是一直變 \nyeah I changed the game 華語嘻哈圈 Ever since 無限 \n小雨來的不是時候 還是多愁善感 bout下雨天\n但我爺爺小時候就教我 大頭大頭下雨不愁 now I just make it rain \nFlowing like 安卓三千 來自下個千禧年\nATLien 先馳得點的先知\nI see the future like Mary with my 千里眼\n天之驕子的天資 \n再加上堅持到底的偏執\n外加上顏值 到底老天是否太明顯的偏心\none in a billion \n\nmaybe沒有話語霸權\n林北有BAR的霸權\n意思是either u love me or hate me when I drop them BARS\n你逼不得已 gotta listen （facts！）\nwhat's poppin I’m hopping on pop charts\n把餅畫大 圈粉帶回嘻哈圈\n剛唱完小巨蛋同一晚find me at 公館水管音樂moshing\nBitch why u sobbing\n在那邊抱怨 說我太主流了 好了啦\n我隨便一個主流跨刀 都能讓你主打歌命喪我刀下\n說我太商業 不夠underground\ncus I’m on top man\n堅持不降價錢\n天天過年 每場當做在唱跨年 （早跟你說過了！）\n\n火大了 sending shots like 喝乾啦\nFlow hotter than哪吒的\nGot a whole lotta gold locked up in my vault\ngotta go harder than my role model 羅大佑\nRoll another 大的 yo\n嗨大了\n我普攻\n你就以為開大了\n絕世武功 \n該害怕了\n像有開掛的\nJedi Knight Sky walker \nMy god\n叫我嗆金曲評審 太瞎了\n您別挨罵了\nWhy bother\nU already know know I’m higher brother\nMy 思維 is out of control\nOut of this world さようなら\nThis that 奧林匹亞等級高速運作\n奧林匹克等級高級動作 \n\n花式比劃 honey 哩跨隆沒\n大師級畫作 灑脫潑墨\n傻了你懷疑我拍子跑拍\n像跟莎士比亞說你文法用錯\n\n你分不清我的真假動作\n就像我分不清我的真假朋友\n被我當眾戳破他說「真假？」\nbro你反應真假 你所謂的真 假得真假\n\n不經一事 不長一智\n但不好意思 我還是不可一世\n不合時宜 什麼意思 \n這首沒有跟你要有副歌的意思\n不讓你附和的意思\n整個超過你能夠負荷的意思\ni’m too good的意思\nKTV只能開原唱 看我獨秀的意思 \n\n我一枝獨秀 又一直突破\n一絲不苟 flow 一滴不漏\n氣勢如虹 got them bitches all shook\nNo hook shit got them bitches all hooked\n\nNo new friends me & rgry\n沆瀣一氣\nGoing stupid aw silly me\nFlow too sick 絡繹不絕 需要隔離衣\nlil loser on that PTT talking bullshit 我芙蓉出水\n當眾處決 遇到true MC 嚇到補血 需要康乃馨 \nna mean\n叫我 \nBully的bully我 不理解為何有這麼多的\npussy網路裡面 自以為自己有多了不起\nUsually注意力不值得處理你但我有天 \n看著那些初級班的 菜雞在那互啄\n看了一個下午feelin like a 公園裡的阿伯\nKind of funny how u 為了你的五斗米能\n匯到你的戶頭裡能跪的像個扶不起的阿斗\n太多饒舌歌手 連八個八都落的七零八落 \nkillem all \n扳機一口 殺了八十八個BAR u can call this殺雞儆猴\n（88BARS baby take them way back to the basics\nI’m back from my hiatus)\n\n\n///Song Credit\n演唱人：熊仔\n詞：熊信寬\n曲：熊信寬／rgry\n製作人：rgry\n編曲：rgry\n錄音工程師：熊信寬\n混音工程師／母帶後期處理：rgry\nOP：Sony Music Publishing (Pte) Ltd. Taiwan Branch\n\n\n///MV Staff\nCreative Direction：NXWV\nFliming：GJ94\n\nExecutive Producer : Jizo, Howl\nDirector: Ai Chen\nLine Producer : Cindy H\nD.O.P : BORU\nFirst Assistant Camera : Yi Chun Lin \nSecond Assistant Camera : Jyun Yu Dai \n\nGaffer Leo Chen \nElectrician Xin Yuan Huang / Joa Ming Jo \nEditor: Ai Chen\nColorist / VFX : BORU\nVFX Supervisor : Well Liu\nDigital Compostion : Chen Chiung Yu\n\nStylist : Howl\nHair Stylist : Jun\nSpecial Thanks : Xiu Wei Lin\nMake Up Artist : Fi Lin\n\n\n\n\n///Follow 熊仔\n熊仔 Instagram : https://www.instagram.com/poeteknology/\n熊仔 Facebook : https://www.facebook.com/poeproduction/\n熊仔 Weibo : https://www.weibo.com/u/3919089509\n\nSony Music Taiwan CPOP - 華語粉絲團\nhttps://www.facebook.com/SonymusicTaiwanCPOP/\nSony Music Taiwan CPOP - Instagram\nhttps://www.instagram.com/sonymusic_taiwan/\n\n#熊仔 #88BARS #大嘻哈時代""}"
21,【單身行不行】梁云菲藏16年悲劇！黑暗心理創傷逼哭全場！獨家驚爆演藝圈震撼彈！你的爸媽不是你的爸媽？女藝人遭後媽虐待...爸爸臨終前吐真相！20210223（梁云菲、蠻牛太太蔡湘宜、賴芳玉、曾陽晴）,東風衛視,2021-02-23T14:00:14Z,https://www.youtube.com/watch?v=4PC2wUpjYRw,{'上發燒影片！獨家驚爆演藝圈震撼彈！「國光女神」梁云菲節目獨家公開藏了16年的黑暗祕密...14歲那年的童年創傷逼哭全場！ 🌟48歲晚婚女星驟逝讓人心碎👉https://youtu.be/4FtObZlCxBQ\n🌟林龍曝光婚後驚人身家👉http://yt1.piee.pw/3c7nbx\n▶丈母娘離婚三十年前夫不放手？👉http://yt1.piee.pw/3an8uy\n🌟爆卦雞排妹鉅額存款買股票！👉https://youtu.be/XbJq0Iq6ajU\n▶10年無悔嫁康康！吳宗憲斷言天生吃軟飯？👉http://yt1.piee.pw/3b4rlf\n\n🌟薔薔、王思佳姊妹情深吐露愛情人生觀！👉http://yt1.piee.pw/3cncgj\n▶美魔女跨過去就懷孕了！👉http://yt1.piee.pw/38pyj7\n🌟女星染毒三度入獄從良淚崩👉http://yt1.piee.pw/38ulh7\n▶美女主播發言人驚曝巫女血統！👉http://yt1.piee.pw/3by6el\n🌟豪門婚姻皆遺憾？女藝人婚變大淚崩👉http://yt1.piee.pw/3c3ydy\n\n00:00  介紹來賓\n01:10  餐廳紅牌嫁法醫，獨生女內心只有恨？\n03:44  國一翹家，爸爸竟然帶一群警察上門？\n04:43  爸爸的手段讓她心寒！\n07:46  怨恨、不甘心，再度逃家體會人性黑暗！\n09:28  獨自在外流浪，經歷最不堪的遭遇...\n12:40  在爸媽面前輕生，爸爸的反應卻是...\n16:06  有爸媽的家庭，不一定有爸爸媽媽？\n19:07  對男人很有一套，絕對能搞定老爸？\n22:21  梁云菲開畫展，爸爸親自站台？\n24:16  爸媽婚姻史各自精采，她卻像孤兒？\n26:55  相差30歲的老少配，是她惡夢的開始？\n30:26  爸媽一聲不吭，丟下她枯坐家門三天？\n35:42  有家可歸的孤兒，就怕爸媽不要我！\n37:43  爸爸年老重病，過年沒人回來探望？\n39:54  爸爸臨終前，終於說出被後媽虐待真相！\n44:14  爸爸過世那天，竟是睡得最安穩的一夜？\n45:01  走得沒有遺憾？\n\n▶訂閱【東風衛視】官方YouTube：http://pcse.pw/5ZLED\n▶按讚【東風衛視37頻道】臉書絲團：https://www.facebook.com/aizotv\n\n＃梁云菲#人倫悲劇＃單身行不行2021＃演藝圈＃心理創傷＃性騷擾'}
22,大陸禁止台灣鳳梨進口 關廟鳳梨農喊苦：會崩盤,udn video,2021-02-26T10:29:24Z,https://www.youtube.com/watch?v=MgypKb_e4a8,{'大陸海關總署發布因多次從台灣輸入大陸的鳳梨中截獲檢疫性有害生物，決定自3月1日起暫停台灣鳳梨輸入大陸。農委會主委陳吉仲下午舉行記者會，坦承對鳳梨市場造成衝擊，呼籲大陸相關單位解決問題。在盛產鳳梨的台南關廟區，鳳梨盤商中午看農委會直播時表示：很慘！讓菜金變菜土，價錢會崩盤，更有部分盤商私下表示根本是政治操作。'}
23,霸氣全消？陳吉仲:可不可以坐下來談 陸踩綠鳳梨死穴？新聞大白話 20210226,新聞大白話,2021-02-26T09:42:29Z,https://www.youtube.com/watch?v=_jC6jPbC3pU,{'《#新聞大白話》TVBS 56台／YouTube頻道 每週一至週五下午4點\n●主持人：錢怡君\n●由錢子與大家一起2小時精彩新聞內容討論與解析\n●為觀眾帶來最新政治、時事評析\n●《新聞大白話》YouTube▶️https://bit.ly/2HgBc3K\n#快來訂閱開啟小鈴鐺'}
24,【好味小姐】養貓就不用娶老婆了！跟蛋捲睡一晚～｜好味貓日常EP98,好味小姐 Lady Flavor,2021-02-25T12:00:31Z,https://www.youtube.com/watch?v=iKJp9uf9Ftg,{'蛋捲唯一真愛剪輯師🧡\n【逛逛好味商店吧～】\nhttps://www.ladyflavor.com/'}
25,關於「統神端火鍋」，十個你不知道的冷知識 | 超邊緣冷知識 | 啾啾鞋,啾啾鞋,2021-02-19T14:56:08Z,https://www.youtube.com/watch?v=zpmoq-6pLmE,{'《冷知識背後的熱思考》\n博客來：https://pse.is/39sr5q \n城邦讀書花園：https://pse.is/3b9pfh\n金石堂網路書店：https://pse.is/3aely7\n誠品網路書店： https://eslite.me/3b4qsq\n\n▼啾啾鞋的人氣影片▼\n《32街的偽鈔天才》偽鈔大師的故事\nhttps://youtu.be/9lKe9irDIDw\nChrome小恐龍的秘密!\nhttps://youtu.be/besQJCZ20j4\n在路上撿到隨身碟，你會...?\nhttps://bit.ly/2ytI7E5\n俄羅斯方塊也有世界冠軍!?\nhttps://youtu.be/Dh9VaezvVnU\nYouTube的自動播放功能，播到最後會看到什麼呢?\nhttps://youtu.be/HMxT-MCRmh4\n牛排的血水不是血!\nhttps://youtu.be/-7GjvnJ2PO0\n\n背景音樂Background Music:\nepidemicsound.com\n\n粉絲專頁:https://www.facebook.com/chuchushoeTW\nInstagram:http://instagram.com/chuchushoetw\nTwitter:https://twitter.com/chuchushoeTW\nGoogle+:https://plus.google.com/+chuchushoeTW'}
26,《青春有你3》魏宏宇唱《戒菸》聽呆眾人 李榮浩反應超好笑｜愛奇藝,iQIYI TW,2021-02-20T12:10:25Z,https://www.youtube.com/watch?v=WvqAerRxhJo,{'《#青春有你3》Youth With You 3  現正熱播\n\n《青春有你3》模式全新升級，青春製作人代表和導師團將帶領百餘少年“用自己的路子，跟世界過招”，開啟全新拼搏之旅。每週四、六晚上八點全網首播！\n\n青春PD #李宇春\n音樂導師 #李榮浩\n舞蹈老師 #LISA\n說唱導師 #潘瑋柏\n青春助教 #THE9 #虞書欣\n\n愛奇藝自製綜藝《 #青春有你3 》▶ https://lihi1.com/SovP4\n\n愛奇藝，讓你欲罷不能👇\n🔸 APP商店：https://i.qy.net/114cc3-03\n🔹Facebook： https://lihi1.com/JpXcj\n🔹Instagram：  https://lihi1.com/tSETV\n🔹TikTok抖音：https://lihi1.com/SuzTx'}
27,今天提問時間,館長成吉思汗,2021-02-26T15:35:06Z,https://www.youtube.com/watch?v=Tsv_XIrNG7w,{'官方公告 乳清搖搖杯問題請參見👇 👇 👇 \nhttps://notorious-2019.com/newsshow.aspx?id=109\n日本IRIS吸塵器、除蟎清淨機、Sengoku Aladdin 烤箱\n開賣囉👇 👇 👇 千萬別錯過!\nhttps://notorious-2019.com/list.aspx?tid=147\n除夕特惠專區 冬季服飾 破盤下殺 👇 👇 👇 \nhttps://notorious-2019.com/list.aspx?tid=161\n新品男性內褲組、閃電標鋪棉外套現正熱賣中!\nhttps://notorious-2019.com/detail.aspx?id=892&tid=147\nhttps://notorious-2019.com/detail.aspx?id=891&tid=147\n新年最強檔賀歲活動請參見👇 👇 👇\nhttps://notorious-2019.com/newsshow.aspx?id=108\n過年好禮看這邊👇 👇 👇\nhttps://notorious-2019.com/list.aspx?tid=156\n\n語音斗內請點我(最低200NT)\nhttps://p.ecpay.com.tw/43C5B\n\n1/20晚上八點手錶預購及多樣新品持續熱賣中!\nhttps://notorious-2019.com/list.aspx?tid=142\n\nTrue麵蜂蜜麻辣刀削麵好評補貨囉~👇 👇 👇\nhttps://notorious-2019.com/detail.aspx?id=909&tid=147\nTrue麵底加👉https://notorious-2019.com/list.aspx?tid=50\n\n熱銷商品補貨到\nhttps://notorious-2019.com/list.aspx?tid=130\n\n冬季特惠區~眾多好康千萬別錯過~\nhttps://notorious-2019.com/list.aspx?tid=125\n\n惡名昭彰 x 星球工坊 聯名爆米花\nhttps://notorious-2019.com/detail.aspx?id=679&tid=131\n\n好吃True麵底加喔~~\nhttps://notorious-2019.com/list.aspx?tid=50\n\n冷凍商品特惠免運組~千萬別錯過~\n調理包十入組+冰淇淋綜合組 https://notorious-2019.com/detail.aspx?id=550&tid=108\n辣味九入組+冰淇淋綜合組 https://notorious-2019.com/detail.aspx?id=549&tid=108\n\n各式新品襪款應有盡有~👇 👇 👇\nhttps://notorious-2019.com/list.aspx?tid=1\n\nNotorious 黑潮海洋深層水\nhttps://notorious-2019.com/detail.aspx?id=328&tid=86\n\n冷凍海鮮專區👇 👇 👇\n單品魚類 https://notorious-2019.com/list.aspx?tid=103\n\n調理包好吃別錯過~\nhttps://notorious-2019.com/list.aspx?tid=94\n\n餓名昭彰冰淇淋!趕快來品嘗~\nhttps://notorious-2019.com/list.aspx?tid=24\n\n各式口味乳清蛋白&運動補給\nhttps://notorious-2019.com/list.aspx?tid=65\nhttps://notorious-2019.com/list.aspx?tid=68\n\n台灣G霸多種炸物上市囉\nhttps://www.yjcfood.com/categories/%E5%8F%B0%E7%81%A3g%E9%9C%B8\n\n潔手噴劑、凝露及香皂https://notorious-2019.com/list.aspx?tid=62\n\n衛生紙https://notorious-2019.com/detail.aspx?id=219&tid=75\n\n惡名昭彰最新公告訊息詳情請參見\nhttps://notorious-2019.com/news.aspx\n\nNotorious惡名昭彰官網會員等級表請參見👇👇👇\nhttps://notorious-2019.com/newsshow.aspx?id=55\n\n加入頻道會員享有徽章和特殊貼圖符號以及非公開影片\n\nFB搜尋 - 飆捍 按讚搶先看 獲取最新消息\n惡名昭彰 官網 - https://notorious-2019.com/\n飆捍粉絲團 - https://goo.gl/urXSnz\n成吉思汗粉絲團 - http://t.cn/EqUJvNn'}
28,【正常發揮PiMW】20210226 救鳳梨沒半步！搞仇中有一套！陳吉仲嘴上不滿心裡暗爽?農產搞反中?韓國瑜也曾受害!,正常發揮,2021-02-26T14:06:57Z,https://www.youtube.com/watch?v=maQxpKm7h-8,{'正常發揮 是個{不正常}的政論節目\n\n我們評論政治 更愛挖掘內幕\n我們監督時政 更愛嘲弄政客\n\n我們罵人不帶髒 糗人沒在怕\n\n犀利也好 幽默也罷\n難搞也行 有種最大\n\n我們的苛薄不太正常\n我們的尖酸直戳心臟 \n\n國內 國外 政治 社會\n\n誰敢不正常 我們就上膛\n\n正常發揮主旨無他\n\n就盼台灣正常 世界正常\n你的盼望 我來喉舌\n你的正常 我來發揮\n\n#王又正 #正常發揮\n\n⚠️「未經著作權人事先書面同意，勿將內容用於商業性質之分享、連結。」\n「如有任何營業使用，必須事先取得書面同意」\n\n⚠️ 重要提醒！目前YT頻道、臉書粉專先上線！不定時會分享正常發揮小組的工作內容、生活點滴。\n\n⚠️節目正式開播前，會再通知大家！\n\n⚠️記得到臉書按讚、追蹤＋分享啊！\nhttps://www.facebook.com/Playitmyway2020'}
29,政經關不了（完整版）｜2021.02.26,政經關不了,2021-02-26T12:00:15Z,https://www.youtube.com/watch?v=VPgTKuMk58M,"{""#政經關不了 #關不了正晶 #政論節目 #彭文正 #李晶玉\n\n今日主題：\n-英國官司光榮首勝!理查森衝破ICO蓄意遮掩\n-破案最大曙光!英法院判決:ICO須公佈蔡口委名單\n-她傾全力護航.他國趁機勒索!論文門害慘台灣?\n-神也是你.鬼也是你?張惇涵這樣回應英法院判決\n-口委名字講出來就結案!倫大偏要打高規格法律戰\n\n➤抖內《政經關不了》：\n1. 台灣觀眾銀行捐款 ➔ 元大銀行806台北分行 帳號：20032000051114 戶名：政經傳媒有限公司\n2. 海外觀眾PayPal捐款 ➔ https://www.paypal.me/truevot\n3. 海外觀眾銀行捐款 ➔ \nName: ECONOMIC AND POLITICAL MEDIA LIMITED\nAddress: 6F., No. 125, Sec. 3, Ren'ai Rd, Da'an Dist., Taipei City, Taiwan\nTEL: 886-2-27812266\nAccount number: 0035280035027\nBank name: Yuanta Commercial Bank Co., Ltd.\nBank address: 3F, No.210, Sec.3, Chengde Rd, Taipei 103, Taiwan\nSWIFT Code：APBKTWTH\n\n➤《政經關不了》Facebook粉絲專頁：http://www.facebook.com/TrueVoiceofTaiwan\n➤《政經關不了》Instagram官方帳號：http://www.instagram.com/truevoiceoftaiwan/\n➤《政經關不了》Twitter粉絲專頁：http://twitter.com/dennispamandal\n➤《政經傳媒》Telegram帳號：https://t.me/EPMedia""}"
30,这部高分美食剧，却被人当成励志剧来看，看完果然信心大增，饭量也大增,轻风乍起,2021-02-21T04:51:42Z,https://www.youtube.com/watch?v=Opau4dJkCpM,{'三星营养午餐大合集。\n心胸狭窄，路越走越窄，胸襟坦荡，天越来越亮。\n宅心仁厚才有福报深厚，阴险狡诈只会越混越差。\n对每条朝你狂吠的狗扔石头，你永远也到不了目的地。\n有时候忍了不丢人，能一笑置之的都是神。\n大事不屑一顾，小事耿耿于怀。\n不是在仇恨中死去，就是在痛苦中徘徊，\n放下屠刀，立地成佛，卸下沙袋，快乐生活。'}
31,【LIVE.20210227】台灣是亞洲電費最便宜國家之一!汽車占空氣霾害約30%2020全球電動車元年!半導體非天上掉下來!工研院1982延攬張忠謀、1987台積電成立!台灣產業核心競爭力還有誰?,TVBS 文茜的世界周報 TVBS Sisy's World News,2021-02-27T15:13:24Z,https://www.youtube.com/watch?v=DVoU85qixQc,"{'●訂閱【TVBS 文茜的世界周報】YouTube頻道：https://pse.is/3b7x9h\n●LIVE直播不漏接【TVBS 文茜的世界周報】：https://pse.is/39jbvv\n●{世界周報完整版} TVBS官方HD線上看：https://pse.is/3b4z32\n●{財經周報完整版} TVBS官方HD線上看：https://pse.is/3b8g99\n●{大國崛起：中國的世界大業}播放清單：https://pse.is/3bpmw3\n●{美國政經系列報導}播放清單：https://pse.is/3bu5jn\n●{歐洲政經系列報導}播放清單：https://pse.is/3btcwh\n●{新冠病毒2.0系列報導}播放清單：https://pse.is/3brrk3\n●{中美經貿之戰}播放清單：https://pse.is/3aat9v\n●{在台灣放眼全球}播放清單：https://pse.is/3ayj2v\n\n不放棄通往世界的窗口\n全新4小時的""陳文茜""國際新聞與專家觀點，就在《TVBS文茜的世界周報》、《TVBS文茜的世界財經周報》\n每周六、日晚間21:00-23:00 敬請鎖定TVBS 56頻道&YouTube頻道。\n\n#TVBS #TVBS文茜的世界周報 #陳文茜\n●按讚fb粉絲專頁：https://www.facebook.com/TVBSSisysWorldNews/\n●TVBS官網：http://www.tvbs.com.tw/ \n●TVBS新聞網：http://news.tvbs.com.tw/\n\n《TVBS文茜的世界周報》YouTube頻道，部分影片因版權限制以致海外地區無法觀看，造成不便敬請見諒。歡迎海外觀眾鎖定網路獨家影片。台灣以外TVBS ASIA頻道，在以下地區電視台播出，皆可收看到「TVBS文茜的世界周報」\n● 馬來西亞Astro → 21:00\n● 新加坡StarHub → 21:00\n● 香港myTV SUPER/ Now TV → 21:00\n● 澳門 Macau Cable TV → 21:00\n● 菲律賓Sky Cable → 21:00\n● 印尼 First Media → 20:00\n●澳洲 TVB Australia → 24:00（雪梨時間）\n●美國Dish Network → 8:00（美東時間)'}"
32,YOASOBI - 群青  / THE FIRST TAKE,THE FIRST TAKE,2021-02-26T13:00:17Z,https://www.youtube.com/watch?v=NyUTYwZe_l4,"{'「THE FIRST TAKE」は、一発撮りのパフォーマンスを鮮明に切り取るYouTubeチャンネル。\nONE TAKE ONLY, ONE LIFE ONLY. 一発撮りで、音楽と向き合う。\n\n第96回は、「THE HOME TAKE」で「夜に駆ける」を披露し話題となったYOASOBIが、Ayase・ikuraの2人揃って初登場。\n今回は、人気マンガ『ブルーピリオド』（作・山口つばさ）にインスパイアされて生まれ、ブルボン「アルフォートミニチョコレート」TVCMでもおなじみの人気曲「群青」をメディア初歌唱する。\n楽曲の中でも印象的な合唱パートにぷらそにかのメンバーを迎え、バンドメンバーと共に圧巻のパフォーマンスを一発撮りで披露する。\n\nSTREAMING&DOWNLOAD：https://orcd.co/gunjo\n\nGuitar：AssH\nBass：やまもとひかる\nDrums：仄雲\nKeyboards：禊萩ざくろ\nChorus：ぷらそにか\n\n■YOASOBI SNS\nOfficial Site：https://www.yoasobi-music.jp/\nTwitter：https://twitter.com/yoasobi_staff\nikura Instagram：https://www.instagram.com/lilasikuta/\nAyase Instagram：https://www.instagram.com/ayase_0404/\nYouTube：https://www.youtube.com/channel/UCvpredjG93ifbCP1Y77JyFA\n\n■「THE FIRST TAKE」SNS \nOfficial site：https://www.thefirsttake.jp/\nInstagram：https://www.instagram.com/the_firsttake/\nTwitter：https://twitter.com/The_FirstTake   \nTiktok：https://www.tiktok.com/@the_first_take\n\n—  \n\n白いスタジオに置かれた一本のマイク。\n\nここでのルールはただ一つ。\n一発撮りのパフォーマンスをすること。\nそれ以外は、何をしてもいい。\n\n一度きりのテイクで、何をみせてくれるだろうか。\n\n一発撮りで、音楽と向き合う。\nTHE FIRST TAKE\n\n\nA microphone and a white studio.\n\nAnd 1 rule.\nYou’ve got 1 TAKE.\nPerform anything you like.\n\nShow us everything you’ve got for that 1 moment.\n\nONE TAKE ONLY, ONE LIFE ONLY.\nTHE FIRST TAKE\n\n\nYOASOBI returns from THE HOME TAKE in our episode 96. The first time to have both Ayase and ikura to appear at THE FIRST TAKE.\n1 TAKE performance of “Gunjo”, a song inspired by a smash-hit anime Blue Period and has a tie-in to Bourbon Alfort Mini Chocolate TV commercial, for the first time on a media.\nWelcoming PLUSONICA as the chorus and with the band members, performs a mind blowing performance for THE FIRST TAKE.\n\n\n\nCREDITS  \n\n—   \n\nCreative Director / Art Director: Keisuke Shimizu \nArt Director: Kana Takarada \nCopywriter: Hiroshi Yamazaki \nDirector of Photography: Kazuki Nagayama \nLighting Director: Kazuhide Toya \nProducer: Kentaro Kinoshita\nStylist: Daisuke Fujimoto\nHair&Make: YOUCA'}"
33,【官方】《寶可夢傳說 阿爾宙斯》首次公開影片,寶可夢 台灣,2021-02-26T15:29:38Z,https://www.youtube.com/watch?v=twh5DukfLdM,{'2022年初，融合「動作」與「RPG」的全新《寶可夢》系列作品《寶可夢傳說 阿爾宙斯》將於Nintendo Switch發售！\n以遙遠過去的神奧地區為舞台，超越《寶可夢》系列框架的前所未有的體驗，正等著你！\n \n《寶可夢傳說 阿爾宙斯》\n2022年初全球同步發售（※部分地區除外）\n官方網站：https://game.portal-pokemon.com/pokemonlegends/tc/\n \n※遊戲畫面皆為開發中畫面。\n※商品內容與設計等可能會改動。\n\n\n\n\n©2021 Pokémon. ©1995-2021 Nintendo/Creatures Inc./GAME FREAK inc.\n「寶可夢」、「Pokémon」是任天堂的商標。\nNintendo Switch is a trademark of Nintendo.'}
34,露營一夜忄青，一個人田野搭帳篷夜晚聽到窸窣聲？｜白癡公主,白癡公主,2021-02-25T11:30:03Z,https://www.youtube.com/watch?v=WewqJrIlan0,{'過年期間想說來搭帳篷，結果全家人都來幫我\n好啦\u3000我只是想炫耀家人很愛我:))\n\n#露營 #阿嬤家  #搭帳篷\n\n感謝100mountain百岳戶外裝備 借me這麼好的露營設備\n\n【前面的影片】\n吳慷仁訪問到硬了？交往多久可以同居？親親進度標準？原來明星都是這樣談戀愛的\nhttps://youtu.be/7Rw9mlGR6v4\n過年到老公男友家吃飯該洗碗嗎？彩樺姐：送婆婆忄生感內衣啊\nhttps://youtu.be/H1uM5yPf-bU\u200b\n員工爆料：跟白癡公主工作很累又龜毛，反差大愛開黃腔\nhttps://youtu.be/UeIfJYnlRUA\u200b\u200b\n5P廚師交纏自製「年糕Pizza」小資少女不專業自理餐時間\nhttps://youtu.be/o8v5xLr8r9Q\u200b\u200b\u200b\n密集恐懼？拍片現場被叮了😱用生命拍片開箱蜂巢🐝\nhttps://youtu.be/kwUokMs8hVI\u200b\u200b\u200b\u200b\n我控制不了自己，焦慮到把整片指甲吃掉...是強迫症的一種？#癡驚大發現\u200b\u200b\u200b\u200b\nhttps://youtu.be/amCuImqH7zA\u200b\u200b\u200b\u200b\n連老闆都嚇到！把阿甜枕頭變口罩了～整皮後的小被被大升級\nhttps://youtu.be/gt0YWcniCXo\u200b\u200b\u200b\u200b\n去做了頭部核磁共振！每個成人都有偏頭痛經驗？#癡驚大發現\u200b\u200b\u200b\u200b\nhttps://youtu.be/jAUVxloEJwI\u200b\u200b\u200b\u200b\n😳(羞)雙人叉燒、真的可以吃啦！教大家吃泡麵？小資少女不專業自理餐時間#48\nhttps://youtu.be/9DPVY_ITnwc\u200b\u200b\u200b\u200b\n竟然夾到鬼滅限量產品了！台主現身祝賀？!\nhttps://youtu.be/pdjaO1RXvZI\u200b\u200b\u200b\u200b\n這是誰啦？無碼大女乃露出の聖誕寫真\nhttps://youtu.be/773-uUBo-Co\u200b\u200b\u200b\u200b\n神還原台北101薑餅屋！最後一刻竟裂開？\nhttps://youtu.be/Kd0xzUM73Q0\u200b\u200b\u200b\u200b\n\n【熱門影片 推薦】\n心臟要強大的殯儀館開箱！原來火化棺材裡不能亂放陪葬品\nhttps://youtu.be/j1JgCQ5Iv3I\u200b\u200b\u200b\u200b\n沒有在怕！挑戰禁忌，告別式禮生實習體驗\nhttps://youtu.be/bZUutKTkIdQ\u200b\u200b\u200b\u200b\n謝謝支持，醫美手術過程無碼放映？！\nhttps://youtu.be/P59WyWX1uyo\u200b\u200b\u200b\u200b\n噁！5年沒洗的小被被枕頭，竟然洗出...？！\nhttps://youtu.be/61UoDktKGz0\u200b\u200b\u200b\u200b\n破到像狗啃的30年高齡枕頭，小被被能重現美麗嗎？\nhttps://youtu.be/pkDdO4CdGAY\u200b\u200b\u200b\u200b\n超荒唐XDD捨棄30年的破小被被枕頭，這次要說再見了\nhttps://youtu.be/TiNK2EQV1wg\u200b\u200b\u200b\u200b\n\n\n*影片無授權於任何上傳喔齁\n\nabout痴痴\n►舒服合作信箱：87gongzhu@gmail.com\n►Facebook：https://www.facebook.com/BaiChiGongZh...\u200b\n►Instagram：https://instagram.com/87acup/\u200b\u200b'}
35,土耳其挺新疆喊「有必要就開戰」！！中國四面楚歌只敢突襲「台灣鳳梨」！？【關鍵時刻】20210226-4 劉寶傑 黃世聰 姚惠珍 吳子嘉 林廷輝,關鍵時刻,2021-02-26T16:38:04Z,https://www.youtube.com/watch?v=f8vbPFbetUI,{'「漢人請勿進入」 中國惹火伊斯蘭世界 街頭抗議背後美國「搧風點火」！？\n土耳其電視每日循環播放「小女孩哭訴新疆維吾爾族同胞被殘忍對待」…\n鎮壓香港翻版！？緬甸軍政府支持者「戴耳機」拿刀棍拉彈弓攻擊民眾！！ \n王毅安撫土耳其處理新疆問題 吳：主張東土耳其斯坦運動「非常規動亂開始」！？ \n拜登派聯合國大使結合「大小朋友」 圍捕中國新疆、西藏問題「搞遍地烽火」！？  \n一間「兩個坑」、沒沖水設備 習近平高喊已全面脫貧「廁所革命」卻失敗！？\n\n●今日關鍵看更多：https://bit.ly/3aXQSb3\n●訂閱《關鍵時刻》頻道：https://bit.ly/2OlcnV7\n●支持《關鍵時刻》加入YouTube會員：https://bit.ly/31smots\n●《關鍵時刻》粉絲團：https://www.facebook.com/CTimefans\n\n#劉寶傑 #關鍵時刻 #土耳其 #新疆 #中國 #聯合國 #鳳梨 #漢人 #鎮壓 #伊斯蘭世界 #王毅 #抗議 #美國 #維吾爾族 #香港 #緬甸 #軍政府 #西藏'}
36,2021-02-26【POP撞新聞】黃暐瀚談「如果去年是韓國瑜贏？」,POP Radio聯播網 官方頻道,2021-02-26T01:02:24Z,https://www.youtube.com/watch?v=TqBanJ9GT7k,{'#POP撞新聞\u200b\u200b\u200b\u200b\u200b\u200b\u200b\u200b #黃暐瀚\u200b\u200b\u200b\u200b\u200b\u200b\u200b\u200b #POPradio #海洋 #生態 #藻礁 #連署 #公投 #萊豬 #國民黨 #民進黨 #蔡英文 #李乾龍 #江啟臣 #柯文哲 #黃珊珊 #民眾黨 #連勝文 #趙少康 #黨主席\u200b\u200b\n\n主持人：資深媒體人 黃暐瀚\n主題：「如果去年是韓國瑜贏？」\n\n節目中使用影片來源：\nudn video｜未被告知邀柯文哲動怒？李乾龍：你看我笑咪咪\nhttps://www.youtube.com/watch?v=T2PyYBnm8cQ\nudn video｜江啟臣推藍白合作 連勝文：高層應更無私謹慎\nhttps://www.youtube.com/watch?v=_BSHuSl8hKs\nudn video｜拜訪綠營人士要戴鴨舌帽？柯文哲批：搞成恐怖國家\nhttps://www.youtube.com/watch?v=85epaXp2zBo\n\n暐瀚哥on air，與聽眾、觀眾一同線上互動討論。歡迎大家，貢看嘜～剖析新聞事件，也由主持人提供給各位長期觀察下的獨到論點。\n\n本公司所有版權，非經同意不得重製，違反必究。\n--------------------------------------------------------------------------------\n●《POP Radio》臉書粉絲專頁：https://www.facebook.com/FM917popradi...\u200b\n● POP Radio APP下載：http://www.olis.com.tw/popradio/\u200b\u200b\u200b\u200b\u200b...\u200b\n● POP Radio官方網站：http://www.pop917.com\u200b'}
37,SHINee(샤이니) - Don't Call Me  (Music Bank) | KBS WORLD TV 210226,KBS WORLD TV,2021-02-26T09:27:39Z,https://www.youtube.com/watch?v=Ts-pbmfXjJE,"{""SHINee(샤이니) - Don't Call Me  (Music Bank) | KBS WORLD TV 210226\n\n▶ 10 Million Viewer Video Celebrating 10 Million Subscribers : \nhttps://youtube.com/playlist?list=PLMf7VY8La5RFS0XWTWFycvquksqgPeQ80\n\n▶ 2021 Music Bank clips : \nhttps://youtube.com/playlist?list=PLMf7VY8La5RExE1YkVdBCHpaLsay2SnNa\n\n▶ 2 Days & 1 Night Season 4 Highlights : \nhttps://youtube.com/playlist?list=PLMf7VY8La5RHuqYC9t6GcbapEGvrs1pQ3\n\n▶ The Return of Superman Highlights : \nhttps://youtube.com/playlist?list=PLMf7VY8La5RG7oxaRsdU9dR1xqmQF6EGQ\n\n▶ Stars' Top Recipe at Fun-Staurant Highlights : \nhttps://youtube.com/playlist?list=PLMf7VY8La5RFdeKBZ75VGl5sw0jRh3C-5\n\n▶ Editor's Pick! K-POP PLAYER\nhttps://youtube.com/playlist?list=PLMf7VY8La5RG9xT3U4l0GAPuA4CdeIi3R\n\n▶ 2020 KBS Song Festival : \nhttps://youtube.com/playlist?list=PLMf7VY8La5RH6K2FvOIaoSU__O0lb7a3t\n\n▶Subscribe KBS WORLD TV Official Pages\nYoutube Subscribe：https://www.youtube.com/kbsworld\nHomepage: http://www.kbsworld.co.kr \nFacebook: http://www.facebook.com/kbsworld\nTwitter: http://twitter.com/kbsworldtv \nInstagram: https://www.instagram.com/kbsworldtv/\nLine: https://goo.gl/g5iRQV\nAndroid Download : http://bit.ly/1NOZFKr\nIOS Download : http://apple.co/1NktctW""}"
38,最靠北的潔癖強迫症，大家學著點！(整個城市。都是蔡阿嘎的靠杯館36),蔡阿嘎,2021-02-26T10:00:10Z,https://www.youtube.com/watch?v=UxLRDFwl7UE,{'這不是潔癖強迫症，是良好的生活習慣！大家學起來！保證居家環境清潔無比！哈哈哈\n► 訂閱二伯&蔡波能：https://pros.is/2UncleYT\n► 訂閱蔡桃貴：https://pse.is/TsaiGray2018\n► 訂閱蔡阿嘎Life頻道：http://pics.ee/AGaLife\n► 蔡阿嘎主頻道：http://pics.ee/AGaU2\n\n► 蔡阿嘎FaceBook：http://pics.ee/AGaFB\n► 加LINE好友：https://pse.is/GaLine\n► Instagram：http://pics.ee/AGaIG\n\n\n\n#蔡阿嘎的靠杯館 #潔癖強迫症 #有人也是這樣的嗎\n\n\n\n聯絡蔡阿嘎：\nwithgalovetaiwan@gmail.com'}
39,台灣紅包超小氣？沒見過包這麼少的！我卻開心到爆,焦慮主婦Lia,2021-02-25T10:30:02Z,https://www.youtube.com/watch?v=7TWQa7N_-u0,{'新住民開箱此生收過的數額包最少紅包\n感嘆華人世界的年節紅包文化最重要的還是心意和喜氣\n包多包少都值得感恩\n\n#紅包 #春節紅包 #台灣紅包 #紅包文化'}
40,【錢線百分百】20210226完整版(中集)《外資殺紅眼狂賣944億 台股空襲警報響? 買電子股分清楚 傳統.創新電子差很大!》│非凡財經新聞│,USTV 非凡電視,2021-02-26T15:00:10Z,https://www.youtube.com/watch?v=Ubv_BIpIk3M,{'00:00 外資殺紅眼狂賣944億 台股空襲警報響? \n22:46 買電子股分清楚 傳統.創新電子差很大!\n\n非凡新聞台、台視財經台【錢線百分百】週一～週五 晚間21點(首播) 晚間12點半(重播)\n\n#更多0226錢線精彩影片 #錢線獨家觀點 #台股多空分析\n\n\n更多內容 敬請鎖定 【非凡新聞台】【非凡商業台】\n錢線百分百粉絲團\nhttps://www.facebook.com/ustv.money100\n非凡電視台粉絲團\nhttps://www.facebook.com/ustv.fans\n非凡電視台YouTube頻道\nhttps://www.youtube.com/user/ustv\n非凡電視台官網\nhttp://www.ustv.com.tw'}
41,大台寶藏 ｜令人懷念的三叔｜吳孟達 ｜病逝 ｜周星馳,TVB (official),2021-02-27T10:46:31Z,https://www.youtube.com/watch?v=zFYWvdE3hSc,{'【大台寶藏】令人懷念的三叔－吳孟達\n\n資深藝人吳孟達今日病逝，達哥由投考無綫藝員訓練班入行，演出作品無數！當中達哥最廣為人知係佢同周星馳一起合作嘅搞笑演出，至今仍然令觀眾印象難忘！\n\n#大台寶藏 #吳孟達 #病逝 #三叔 #周星馳\n立即下載 big big channel睇更多啦！\niOS 版本：https://goo.gl/mKdpgY\nAndroid版本: https://goo.gl/koAb9o\n會員限定內容盡在會員專區:\nhttps://www.youtube.com/channel/UCD2SNRlEjxJODlwaKx-BoRw/join\n\n------------------------------\nLike + Follow = 緊貼 TVB 各劇集及藝員動態！\nFacebook: https://www.facebook.com/tvbcom\nYouTube: https://www.youtube.com/user/tvb\nSina Weibo: http://weibo.com/tvbcom\nInstagram: http://www.instagram.com/tvbcomhk\nTwitter: http://www.twitter.com/tvbcom\nYouKu: http://i.youku.com/tvbcom'}
42,【台灣啟示錄 全集】20210221 最狠強盜集團一年奪七命 刑警痛罵：披著人皮的畜牲｜洪培翔 @台灣啟示錄,台灣啟示錄,2021-02-22T02:33:23Z,https://www.youtube.com/watch?v=aPpXe2oOXQw,{'00:08 最狠強盜集團一年奪七命 刑警痛罵：披著人皮的畜牲\n\n在1990年代，有一個強盜殺人集團，他們會侵入民宅強盜搶劫，他們會隨機擄人勒贖，在短短一年內，殺害了七條人命，搞得社會人心惶惶。\n\n這個小男孩在夢裡跟巡官說，他好冷，他找不到回家的路，可以幫幫他嗎？這個巡官醒過來之後，仔細回想了最近經手過的案子，但是都沒有跟小孩子相關的案件，但是他沒放棄，正好分局借提了吳向偉，隨口問他一句，你是不是在彰化殺害了一個男孩，沒有想到，吳向偉當場嚇得臉色發青，真的是他殺的嗎？\n\n就是因為夏小平的職業，讓他相信，如果在殺人之後，對被害者做一些事情，就不會被冤魂糾纏，他的同夥們照做了，但還是逃不過良心的譴責，每天晚上都被鬼壓身，直到落網才解脫。\n\n夏小平這個強盜集團，等於已經是殺紅了眼，想錢想瘋了，與其到處綁人，還不一定要得到錢，不如鎖定一個大的目標，就幹一票大的，是誰被它們鎖定了呢？\n\n夏小平是在拖延死刑的執行時間嗎？不過就算他真的還有案子要交代，但是這種條件交換，檢警怎麼可能答應他？\n\n請鎖定每周日晚間20:00分，東森新聞台--51頻道，台灣啟示錄！\n\n訂閱《台灣啟示錄Youtube官方頻道》https://bit.ly/2VsuEVN\n看更多最新影片》https://bit.ly/39CWtmU\n\n#東森#台灣啟示錄#啟示錄#洪培翔#強盜#殺人#集團#搶劫#民宅#擄人#勒贖#巡官#男孩#吳向偉#案件#彰化#夏小平#職業#被害者#冤魂#糾纏#良心#同夥#死刑#拖延#執行#條件#檢警'}
43,"Clip: LISA's Online Tutoring Of ""Hero Kick It"" | Youth With You S3 EP04 | 青春有你3 | iQiyi",iQIYI 爱奇艺,2021-02-27T12:08:33Z,https://www.youtube.com/watch?v=dSLcoTSP1n0,"{'【Youth With You S3】is streaming EVERY THUR. AND SAT. from FEB 18th! Watch more for FREE & ONLY on iQiyi App or Website! Download iQiyi APP to vote for trainees!\nApp: http://bit.ly/ywy3a\u200b\nWebsite: http://bit.ly/ywy3web\u200b\n\n【Introduction】A sequel to the Youth With You series, produced by iQIYI’s original team, a Tier-S show to be released in Q1 2021. Youth With You S3 is completely upgraded. With the help of Youth PD CHRIS LEE, Vocal Mentor Ronghao Li, Dance Mentor LISA and Rap Mentor WILL PAN, over a hundred of the young trainees will redefine competition to express “This is my way”.\n\nSubscribe Now:\niQIYI Vietnam: http://bit.ly/iqviyt\niQIYI Thailand: http://bit.ly/iqthyt\niQIYI Malaysia: http://bit.ly/iqmalayt\niQIYI Indonsia: http://bit.ly/iqidyt\niQIYI Korea: https://bit.ly/iqkorea\niQIYI Arabic: https://bit.ly/iqarabic\niQIYI 精选: https://bit.ly/iqiyicn\n\nFollow us on:\nFacebook: https://bit.ly/iqiyifb\u200b\nInstagram: https://bit.ly/iqiyiins\u200b\nTwitter: https://bit.ly/iqiyitw\u200b\n\n#YouthWithYouS3\u200b #LISA\u200b #iQiyi'}"
44,【大新聞大爆卦】20210226 毀藻礁不得已? 蔡政府不說的環評謊言? 陸對台鳳梨下禁令 農民喊苦陳吉仲怎辦? 完整版,大新聞大爆卦,2021-02-26T08:12:36Z,https://www.youtube.com/watch?v=LF3cmwdp_6Y,{'#大新聞大爆卦 #馬千惠 #許甫 #政治\n\n「如有任何營業使用，必須事先取得書面同意」\n「未經著作權人事先書面同意，勿將內容用於商業性質之分享、連結。」\n《大新聞大爆卦》中天電視、中天新聞頻道／每週一至週五下午2點～4點\n\n《大新聞大爆卦》\n👉官方YouTube：https://reurl.cc/GrnQey\n👉官方Facebook：https://bit.ly/2WRJ1DX'}
45,獨！疫苗何時到? 蘇貞昌:晚打有助健康 林佳新爆童言真相!獨！陸禁台灣鳳梨 林正杰爆種惡果真凶?蔡英文對手不只習近平 連賭神龍五都防? 新聞大白話 完整版 20210225,新聞大白話,2021-02-26T11:22:23Z,https://www.youtube.com/watch?v=iB4JJmXxxZ8,{'《#新聞大白話》TVBS 56台／YouTube頻道 每週一至週五下午4點\n●主持人：錢怡君\n●由錢子與大家一起2小時精彩新聞內容討論與解析\n●為觀眾帶來最新政治、時事評析\n●《新聞大白話》YouTube▶️https://bit.ly/2HgBc3K\n#快來訂閱開啟小鈴鐺'}
46,政經關不了（完整版）｜2021.02.27,政經關不了,2021-02-27T12:00:15Z,https://www.youtube.com/watch?v=sKeNOmxA_jU,"{'#政經關不了 #關不了正晶 #政論節目 #彭文正 #李晶玉\n\n今日主題：\n-號召! 3/3賀德芬行政訴訟需要你我的支持!\n-ICO要求延後公布! 蔡國安團隊緊急運作中!?\n-捏造外部口委難度高!? 倫敦大學準備來這招...\n-立委不要再睡了!蔡國安外交團隊""賭輸博大""\n-公布口委3/16延至3/24! 蔡團隊準備出招了\n\n➤抖內《政經關不了》：\n1. 台灣觀眾銀行捐款 ➔ 元大銀行806台北分行 帳號：20032000051114 戶名：政經傳媒有限公司\n2. 海外觀眾PayPal捐款 ➔ https://www.paypal.me/truevot\n3. 海外觀眾銀行捐款 ➔ \nName: ECONOMIC AND POLITICAL MEDIA LIMITED\nAddress: 6F., No. 125, Sec. 3, Ren\'ai Rd, Da\'an Dist., Taipei City, Taiwan\nTEL: 886-2-27812266\nAccount number: 0035280035027\nBank name: Yuanta Commercial Bank Co., Ltd.\nBank address: 3F, No.210, Sec.3, Chengde Rd, Taipei 103, Taiwan\nSWIFT Code：APBKTWTH\n\n➤《政經關不了》Facebook粉絲專頁：http://www.facebook.com/TrueVoiceofTaiwan\n➤《政經關不了》Instagram官方帳號：http://www.instagram.com/truevoiceoftaiwan/\n➤《政經關不了》Twitter粉絲專頁：http://twitter.com/dennispamandal\n➤《政經傳媒》Telegram帳號：https://t.me/EPMedia'}"
47,地表最衰前男友！罔腰懷孕全找他　鳳梨直播開罵：我看起來像Doctor嗎？,ETtoday星光雲/官方平台,2021-02-21T12:50:07Z,https://www.youtube.com/watch?v=8taBxZbYGqY,{'訂閱星光雲頻道：https://bit.ly/2T7r9l0\n加入頻道會員：https://bit.ly/2Y2LD2N\n--\n★ 更多精彩推薦 Watch More★\n《聲林之王》              https://bit.ly/2GNQGNK\n《料理之王》              https://bit.ly/32n7bIS\n《星光雲熱門News》https://bit.ly/38hXwHO\n《星光雲KARAOKE》https://bit.ly/3bpTI9t\n《星光雲!RUN新聞》  https://bit.ly/2TeoiKo\n---\n\u200b#鳳梨 #叔屬 #ETtoday星光雲'}
48,【中學頭條】姊弟系列 過年必發生的三件好事 Three Good Things Will Happen in Lunar New Year,野火娛樂,2021-02-26T12:00:18Z,https://www.youtube.com/watch?v=S-9fnmJvfg0,{'大家過年做了什麼事呢?\n在下面跟我們分享吧~\n要記得按讚訂閱和分享喔!\n\n感謝Repipi Armario的協助拍攝\n#中學頭條 #過年 #紅包 #牛年行大運 #repipiarmario'}
49,【大新聞大爆卦】20210225 小英幕僚新書爆 國民黨怎被玩死?藻礁公投連署倒數 喊永存的民進黨呢?,大新聞大爆卦,2021-02-25T08:11:22Z,https://www.youtube.com/watch?v=WFvqDIH9JPo,{'#大新聞大爆卦 #馬千惠 #許甫 #政治\n\n「如有任何營業使用，必須事先取得書面同意」\n「未經著作權人事先書面同意，勿將內容用於商業性質之分享、連結。」\n《大新聞大爆卦》中天電視、中天新聞頻道／每週一至週五下午2點～4點\n\n《大新聞大爆卦》\n👉官方YouTube：https://reurl.cc/GrnQey\n👉官方Facebook：https://bit.ly/2WRJ1DX'}
50,比米其林三星頤宮還貴但是難吃一百倍？竟吃到有如乾柴雞胸肉口感的地獄級燒鴨！【美食公道伯】,Toyz,2021-02-21T09:30:01Z,https://www.youtube.com/watch?v=45uTKlM5oT8,{'拍攝日期：2021/01/15\n\n★  追蹤我的IG：https://www.instagram.com/toyzlol\n★  合作邀約請來信： toyzpr@gmail.com\n\n▼想關注我更多看看以下內容▼\nYouTube直播時間 - 每周二四六日晚間都可能會進行直播\nFacebook - https://www.facebook.com/Toyzlau\n\n#toyz #美食公道伯 #米其林地雷'}
